"months_loan_duration","credit_status","purpose","amount","employment_length","personal_status","residence_history","age","housing","existing_credits"
6,"critical","radio/tv",1169,"> 7 yrs","single male",4,67,"own",2
48,"repaid","radio/tv",5951,"1 - 4 yrs","female",2,22,"own",1
12,"critical","education",2096,"4 - 7 yrs","single male",3,49,"own",1
42,"repaid","furniture",7882,"4 - 7 yrs","single male",4,45,"for free",1
24,"delayed","car (new)",4870,"1 - 4 yrs","single male",4,53,"for free",2
36,"repaid","education",9055,"1 - 4 yrs","single male",4,35,"for free",1
24,"repaid","furniture",2835,"> 7 yrs","single male",4,53,"own",1
36,"repaid","car (used)",6948,"1 - 4 yrs","single male",2,35,"rent",1
12,"repaid","radio/tv",3059,"4 - 7 yrs","divorced male",4,61,"own",1
30,"critical","car (new)",5234,"unemployed","married male",2,28,"own",2
12,"repaid","car (new)",1295,"0 - 1 yrs","female",1,25,"rent",1
48,"repaid","business",4308,"0 - 1 yrs","female",4,24,"rent",1
12,"repaid","radio/tv",1567,"1 - 4 yrs","female",1,22,"own",1
24,"critical","car (new)",1199,"> 7 yrs","single male",4,60,"own",2
15,"repaid","car (new)",1403,"1 - 4 yrs","female",4,28,"rent",1
24,"repaid","radio/tv",1282,"1 - 4 yrs","female",2,32,"own",1
24,"critical","radio/tv",2424,"> 7 yrs","single male",4,53,"own",2
30,"fully repaid","business",8072,"0 - 1 yrs","single male",3,25,"own",3
24,"repaid","car (used)",12579,"> 7 yrs","female",2,44,"for free",1
24,"repaid","radio/tv",3430,"> 7 yrs","single male",2,31,"own",1
9,"critical","car (new)",2134,"1 - 4 yrs","single male",4,48,"own",3
6,"repaid","radio/tv",2647,"1 - 4 yrs","single male",3,44,"rent",1
10,"critical","car (new)",2241,"0 - 1 yrs","single male",3,48,"rent",2
12,"critical","car (used)",1804,"0 - 1 yrs","single male",4,44,"own",1
10,"critical","furniture",2069,"1 - 4 yrs","married male",1,26,"own",2
6,"repaid","furniture",1374,"1 - 4 yrs","single male",2,36,"own",1
6,"fully repaid","radio/tv",426,"> 7 yrs","married male",4,39,"own",1
12,"fully repaid","radio/tv",409,"1 - 4 yrs","female",3,42,"rent",2
7,"repaid","radio/tv",2415,"1 - 4 yrs","single male",2,34,"own",1
60,"delayed","business",6836,"> 7 yrs","single male",4,63,"own",2
18,"repaid","business",1913,"0 - 1 yrs","married male",3,36,"own",1
24,"repaid","furniture",4020,"1 - 4 yrs","single male",2,27,"own",1
18,"repaid","car (new)",5866,"1 - 4 yrs","single male",2,30,"own",2
12,"critical","business",1264,"> 7 yrs","single male",4,57,"rent",1
12,"repaid","furniture",1474,"0 - 1 yrs","female",1,33,"own",1
45,"critical","radio/tv",4746,"0 - 1 yrs","single male",2,25,"own",2
48,"critical","education",6110,"1 - 4 yrs","single male",3,31,"for free",1
18,"repaid","radio/tv",2100,"1 - 4 yrs","single male",2,37,"own",1
10,"repaid","domestic appliances",1225,"1 - 4 yrs","single male",2,37,"own",1
9,"repaid","radio/tv",458,"1 - 4 yrs","single male",3,24,"own",1
30,"repaid","radio/tv",2333,"> 7 yrs","single male",2,30,"own",1
12,"repaid","radio/tv",1158,"1 - 4 yrs","divorced male",1,26,"own",1
18,"delayed","repairs",6204,"1 - 4 yrs","single male",4,44,"own",1
30,"critical","car (used)",6187,"4 - 7 yrs","married male",4,24,"rent",2
48,"critical","car (used)",6143,"> 7 yrs","female",4,58,"for free",2
11,"critical","car (new)",1393,"0 - 1 yrs","female",4,35,"own",2
36,"repaid","radio/tv",2299,"> 7 yrs","single male",4,39,"own",1
6,"repaid","car (used)",1352,"unemployed","female",2,23,"rent",1
11,"critical","car (new)",7228,"1 - 4 yrs","single male",4,39,"own",2
12,"repaid","radio/tv",2073,"1 - 4 yrs","female",2,28,"own",1
24,"delayed","furniture",2333,"0 - 1 yrs","single male",2,29,"own",1
27,"delayed","car (used)",5965,"> 7 yrs","single male",2,30,"own",2
12,"repaid","radio/tv",1262,"1 - 4 yrs","single male",2,25,"own",1
18,"repaid","car (used)",3378,"1 - 4 yrs","single male",1,31,"own",1
36,"delayed","car (new)",2225,"> 7 yrs","single male",4,57,"for free",2
6,"fully repaid","car (new)",783,"1 - 4 yrs","single male",2,26,"own",1
12,"repaid","radio/tv",6468,"unemployed","single male",1,52,"own",1
36,"critical","radio/tv",9566,"1 - 4 yrs","female",2,31,"own",2
18,"repaid","car (new)",1961,"> 7 yrs","female",2,23,"own",1
36,"critical","furniture",6229,"0 - 1 yrs","female",4,23,"rent",2
9,"repaid","business",1391,"1 - 4 yrs","married male",1,27,"own",1
15,"critical","radio/tv",1537,"> 7 yrs","single male",4,50,"own",2
36,"fully repaid","business",1953,"> 7 yrs","single male",4,61,"for free",1
48,"fully repaid","business",14421,"1 - 4 yrs","single male",2,25,"own",1
24,"repaid","radio/tv",3181,"0 - 1 yrs","female",4,26,"own",1
27,"repaid","repairs",5190,"> 7 yrs","single male",4,48,"own",4
12,"repaid","radio/tv",2171,"0 - 1 yrs","female",2,29,"own",1
12,"repaid","car (new)",1007,"1 - 4 yrs","married male",1,22,"own",1
36,"repaid","education",1819,"1 - 4 yrs","single male",4,37,"for free",1
36,"repaid","radio/tv",2394,"1 - 4 yrs","female",4,25,"own",1
36,"repaid","car (used)",8133,"1 - 4 yrs","female",2,30,"own",1
7,"critical","radio/tv",730,"> 7 yrs","single male",2,46,"rent",2
8,"critical","others",1164,"> 7 yrs","single male",4,51,"for free",2
42,"critical","business",5954,"4 - 7 yrs","female",1,41,"own",2
36,"repaid","education",1977,"> 7 yrs","single male",4,40,"own",1
12,"critical","car (used)",1526,"> 7 yrs","single male",4,66,"for free",2
42,"repaid","radio/tv",3965,"0 - 1 yrs","single male",3,34,"own",1
11,"delayed","radio/tv",4771,"4 - 7 yrs","single male",4,51,"own",1
54,"fully repaid","car (used)",9436,"1 - 4 yrs","single male",2,39,"own",1
30,"repaid","furniture",3832,"0 - 1 yrs","married male",1,22,"own",1
24,"repaid","radio/tv",5943,"0 - 1 yrs","female",1,44,"own",2
15,"repaid","radio/tv",1213,"> 7 yrs","single male",3,47,"own",1
18,"repaid","business",1568,"1 - 4 yrs","female",4,24,"rent",1
24,"repaid","others",1755,"> 7 yrs","female",4,58,"own",1
10,"repaid","radio/tv",2315,"> 7 yrs","single male",4,52,"own",1
12,"critical","business",1412,"1 - 4 yrs","female",2,29,"own",2
18,"critical","furniture",1295,"0 - 1 yrs","female",1,27,"own",2
36,"repaid","education",12612,"1 - 4 yrs","single male",4,47,"for free",1
18,"repaid","car (new)",2249,"4 - 7 yrs","single male",3,30,"own",1
12,"fully repaid","repairs",1108,"4 - 7 yrs","single male",3,28,"own",2
12,"critical","radio/tv",618,"> 7 yrs","single male",4,56,"own",1
12,"critical","car (used)",1409,"> 7 yrs","single male",3,54,"own",1
12,"critical","radio/tv",797,"> 7 yrs","female",3,33,"own",1
24,"critical","furniture",3617,"> 7 yrs","single male",4,20,"rent",2
12,"repaid","car (new)",1318,"> 7 yrs","single male",4,54,"own",1
54,"fully repaid","business",15945,"0 - 1 yrs","single male",4,58,"rent",1
12,"critical","education",2012,"4 - 7 yrs","female",2,61,"own",1
18,"repaid","business",2622,"1 - 4 yrs","single male",4,34,"own",1
36,"critical","radio/tv",2337,"> 7 yrs","single male",4,36,"own",1
20,"delayed","car (used)",7057,"4 - 7 yrs","single male",4,36,"rent",2
24,"repaid","car (new)",1469,"> 7 yrs","married male",4,41,"rent",1
36,"repaid","radio/tv",2323,"4 - 7 yrs","single male",4,24,"rent",1
6,"delayed","radio/tv",932,"1 - 4 yrs","female",2,24,"own",1
9,"critical","furniture",1919,"4 - 7 yrs","single male",3,35,"rent",1
12,"repaid","car (used)",2445,"0 - 1 yrs","married male",4,26,"rent",1
24,"critical","others",11938,"1 - 4 yrs","single male",3,39,"own",2
18,"fully repaid","car (new)",6458,"> 7 yrs","single male",4,39,"own",2
12,"repaid","car (new)",6078,"4 - 7 yrs","single male",2,32,"own",1
24,"repaid","furniture",7721,"0 - 1 yrs","female",2,30,"own",1
14,"repaid","business",1410,"> 7 yrs","married male",2,35,"own",1
6,"delayed","business",1449,"> 7 yrs","divorced male",2,31,"own",2
15,"repaid","education",392,"0 - 1 yrs","female",4,23,"rent",1
18,"repaid","car (new)",6260,"4 - 7 yrs","single male",3,28,"rent",1
36,"critical","car (new)",7855,"1 - 4 yrs","female",2,25,"own",2
12,"repaid","radio/tv",1680,"> 7 yrs","married male",1,35,"own",1
48,"critical","radio/tv",3578,"> 7 yrs","single male",1,47,"own",1
42,"repaid","radio/tv",7174,"4 - 7 yrs","female",3,30,"own",1
10,"critical","furniture",2132,"0 - 1 yrs","female",3,27,"rent",2
33,"critical","furniture",4281,"1 - 4 yrs","female",4,23,"own",2
12,"critical","car (new)",2366,"4 - 7 yrs","divorced male",3,36,"own",1
21,"repaid","radio/tv",1835,"1 - 4 yrs","female",2,25,"own",2
24,"critical","car (used)",3868,"> 7 yrs","female",2,41,"rent",2
12,"repaid","furniture",1768,"1 - 4 yrs","single male",2,24,"rent",1
10,"critical","car (new)",781,"> 7 yrs","single male",4,63,"for free",2
18,"repaid","furniture",1924,"0 - 1 yrs","female",3,27,"rent",1
12,"critical","car (new)",2121,"1 - 4 yrs","single male",2,30,"own",2
12,"repaid","radio/tv",701,"1 - 4 yrs","married male",2,40,"own",1
12,"repaid","repairs",639,"1 - 4 yrs","single male",2,30,"own",1
12,"critical","car (used)",1860,"unemployed","single male",2,34,"own",2
12,"critical","car (new)",3499,"1 - 4 yrs","female",2,29,"own",2
48,"repaid","car (new)",8487,"4 - 7 yrs","female",2,24,"own",1
36,"delayed","education",6887,"1 - 4 yrs","single male",3,29,"own",1
15,"repaid","furniture",2708,"0 - 1 yrs","single male",3,27,"own",2
18,"repaid","furniture",1984,"1 - 4 yrs","single male",4,47,"for free",2
60,"repaid","radio/tv",10144,"4 - 7 yrs","female",4,21,"own",1
12,"critical","radio/tv",1240,"> 7 yrs","female",2,38,"own",2
27,"delayed","car (used)",8613,"1 - 4 yrs","single male",2,27,"own",2
12,"repaid","radio/tv",766,"1 - 4 yrs","single male",3,66,"own",1
15,"critical","radio/tv",2728,"4 - 7 yrs","single male",2,35,"own",3
12,"repaid","radio/tv",1881,"1 - 4 yrs","female",2,44,"rent",1
6,"repaid","car (new)",709,"0 - 1 yrs","married male",2,27,"own",1
36,"repaid","radio/tv",4795,"0 - 1 yrs","female",1,30,"own",1
27,"repaid","radio/tv",3416,"1 - 4 yrs","single male",2,27,"own",1
18,"repaid","furniture",2462,"1 - 4 yrs","single male",2,22,"own",1
21,"critical","furniture",2288,"0 - 1 yrs","female",4,23,"own",1
48,"fully repaid","business",3566,"4 - 7 yrs","single male",2,30,"own",1
6,"critical","car (new)",860,"> 7 yrs","female",4,39,"own",2
12,"critical","car (new)",682,"4 - 7 yrs","female",3,51,"own",2
36,"critical","furniture",5371,"1 - 4 yrs","single male",2,28,"own",2
18,"critical","radio/tv",1582,"> 7 yrs","single male",4,46,"own",2
6,"repaid","radio/tv",1346,"> 7 yrs","single male",4,42,"for free",1
10,"repaid","radio/tv",1924,"1 - 4 yrs","single male",4,38,"own",1
36,"repaid","radio/tv",5848,"1 - 4 yrs","single male",1,24,"own",1
24,"critical","car (used)",7758,"> 7 yrs","female",4,29,"rent",1
24,"delayed","business",6967,"4 - 7 yrs","single male",4,36,"rent",1
12,"repaid","furniture",1282,"1 - 4 yrs","female",4,20,"rent",1
9,"critical","repairs",1288,"> 7 yrs","single male",4,48,"own",2
12,"fully repaid","retraining",339,"> 7 yrs","married male",1,45,"own",1
24,"repaid","car (new)",3512,"4 - 7 yrs","single male",3,38,"own",2
6,"critical","radio/tv",1898,"1 - 4 yrs","single male",2,34,"own",2
24,"critical","radio/tv",2872,"> 7 yrs","single male",4,36,"own",1
18,"critical","car (new)",1055,"0 - 1 yrs","female",1,30,"own",2
15,"repaid","domestic appliances",1262,"4 - 7 yrs","single male",3,36,"own",2
10,"repaid","car (new)",7308,"unemployed","single male",4,70,"for free",1
36,"repaid","car (new)",909,"> 7 yrs","single male",4,36,"own",1
6,"repaid","furniture",2978,"1 - 4 yrs","single male",2,32,"own",1
18,"repaid","furniture",1131,"unemployed","female",2,33,"own",1
11,"repaid","furniture",1577,"0 - 1 yrs","female",1,20,"own",1
24,"repaid","furniture",3972,"4 - 7 yrs","female",4,25,"rent",1
24,"critical","business",1935,"> 7 yrs","divorced male",4,31,"own",2
15,"fully repaid","car (new)",950,"> 7 yrs","single male",3,33,"rent",2
12,"repaid","furniture",763,"1 - 4 yrs","female",1,26,"own",1
24,"delayed","furniture",2064,"unemployed","female",2,34,"own",1
8,"repaid","radio/tv",1414,"1 - 4 yrs","single male",2,33,"own",1
21,"delayed","education",3414,"0 - 1 yrs","single male",1,26,"own",2
30,"fully repaid","car (used)",7485,"unemployed","female",1,53,"own",1
12,"repaid","furniture",2577,"1 - 4 yrs","divorced male",1,42,"own",1
6,"critical","radio/tv",338,"> 7 yrs","single male",4,52,"own",2
12,"repaid","radio/tv",1963,"4 - 7 yrs","single male",2,31,"rent",2
21,"critical","car (new)",571,"> 7 yrs","single male",4,65,"own",2
36,"delayed","business",9572,"0 - 1 yrs","divorced male",1,28,"own",2
36,"delayed","business",4455,"1 - 4 yrs","divorced male",2,30,"own",2
21,"fully repaid","car (new)",1647,"1 - 4 yrs","single male",2,40,"own",2
24,"critical","furniture",3777,"1 - 4 yrs","single male",4,50,"own",1
18,"critical","car (new)",884,"> 7 yrs","single male",4,36,"own",1
15,"critical","radio/tv",1360,"1 - 4 yrs","single male",2,31,"own",2
9,"fully repaid","car (used)",5129,"> 7 yrs","female",4,74,"for free",1
16,"critical","car (new)",1175,"unemployed","single male",3,68,"for free",3
12,"repaid","radio/tv",674,"4 - 7 yrs","married male",1,20,"own",1
18,"fully repaid","furniture",3244,"1 - 4 yrs","female",4,33,"own",2
24,"repaid","business",4591,"1 - 4 yrs","single male",3,54,"own",3
48,"fully repaid","business",3844,"4 - 7 yrs","single male",4,34,"for free",1
27,"repaid","business",3915,"1 - 4 yrs","single male",2,36,"own",1
6,"repaid","radio/tv",2108,"4 - 7 yrs","married male",2,29,"rent",1
45,"repaid","radio/tv",3031,"1 - 4 yrs","single male",4,21,"rent",1
9,"critical","education",1501,"> 7 yrs","female",3,34,"own",2
6,"critical","radio/tv",1382,"1 - 4 yrs","female",1,28,"own",2
12,"repaid","furniture",951,"0 - 1 yrs","female",4,27,"rent",4
24,"repaid","car (used)",2760,"> 7 yrs","single male",4,36,"for free",1
18,"delayed","furniture",4297,"> 7 yrs","divorced male",3,40,"own",1
9,"critical","education",936,"> 7 yrs","single male",2,52,"own",2
12,"repaid","car (new)",1168,"1 - 4 yrs","married male",3,27,"own",1
27,"delayed","business",5117,"4 - 7 yrs","single male",4,26,"own",2
12,"repaid","retraining",902,"4 - 7 yrs","married male",4,21,"rent",1
12,"critical","car (new)",1495,"> 7 yrs","single male",1,38,"own",2
30,"critical","car (used)",10623,"> 7 yrs","single male",4,38,"for free",3
12,"critical","furniture",1935,"> 7 yrs","single male",4,43,"own",3
12,"critical","domestic appliances",1424,"4 - 7 yrs","single male",3,26,"own",1
24,"repaid","business",6568,"1 - 4 yrs","married male",2,21,"own",1
12,"repaid","car (used)",1413,"4 - 7 yrs","single male",2,55,"own",1
9,"critical","radio/tv",3074,"1 - 4 yrs","single male",2,33,"own",2
36,"repaid","radio/tv",3835,"> 7 yrs","female",4,45,"own",1
27,"fully repaid","business",5293,"unemployed","single male",4,50,"own",2
30,"delayed","business",1908,"> 7 yrs","single male",4,66,"own",1
36,"critical","radio/tv",3342,"> 7 yrs","single male",2,51,"own",1
6,"critical","retraining",932,"4 - 7 yrs","female",3,39,"own",2
18,"fully repaid","business",3104,"4 - 7 yrs","single male",1,31,"own",1
36,"repaid","radio/tv",3913,"1 - 4 yrs","single male",2,23,"own",1
24,"repaid","furniture",3021,"1 - 4 yrs","divorced male",2,24,"rent",1
10,"repaid","car (new)",1364,"1 - 4 yrs","female",4,64,"own",1
12,"repaid","radio/tv",625,"0 - 1 yrs","married male",1,26,"own",1
12,"repaid","education",1200,"1 - 4 yrs","female",4,23,"rent",1
12,"repaid","radio/tv",707,"1 - 4 yrs","single male",2,30,"own",2
24,"delayed","business",2978,"1 - 4 yrs","single male",4,32,"own",2
15,"repaid","car (used)",4657,"1 - 4 yrs","single male",2,30,"own",1
36,"fully repaid","repairs",2613,"1 - 4 yrs","single male",2,27,"own",2
48,"repaid","radio/tv",10961,"4 - 7 yrs","single male",2,27,"own",2
12,"repaid","furniture",7865,"> 7 yrs","single male",4,53,"for free",1
9,"repaid","radio/tv",1478,"4 - 7 yrs","single male",2,22,"own",1
24,"repaid","furniture",3149,"0 - 1 yrs","single male",1,22,"for free",1
36,"repaid","radio/tv",4210,"1 - 4 yrs","single male",2,26,"own",1
9,"repaid","car (new)",2507,"> 7 yrs","single male",4,51,"for free",1
12,"repaid","radio/tv",2141,"4 - 7 yrs","single male",1,35,"own",1
18,"repaid","radio/tv",866,"1 - 4 yrs","married male",2,25,"own",1
4,"critical","radio/tv",1544,"4 - 7 yrs","single male",1,42,"own",3
24,"repaid","radio/tv",1823,"unemployed","single male",2,30,"own",1
6,"repaid","car (new)",14555,"unemployed","single male",2,23,"own",1
21,"repaid","business",2767,"> 7 yrs","divorced male",2,61,"rent",2
12,"critical","radio/tv",1291,"1 - 4 yrs","female",2,35,"own",2
30,"repaid","radio/tv",2522,"> 7 yrs","single male",3,39,"own",1
24,"repaid","car (new)",915,"> 7 yrs","female",2,29,"own",1
6,"repaid","radio/tv",1595,"4 - 7 yrs","single male",2,51,"own",1
48,"fully repaid","car (used)",4605,"> 7 yrs","single male",4,24,"for free",2
12,"critical","business",1185,"1 - 4 yrs","female",2,27,"own",2
12,"fully repaid","retraining",3447,"1 - 4 yrs","female",3,35,"own",1
24,"repaid","business",1258,"4 - 7 yrs","single male",1,25,"own",1
12,"critical","radio/tv",717,"> 7 yrs","single male",4,52,"own",3
6,"fully repaid","car (new)",1204,"1 - 4 yrs","single male",1,35,"rent",1
24,"repaid","furniture",1925,"1 - 4 yrs","single male",2,26,"own",1
18,"repaid","radio/tv",433,"unemployed","female",4,22,"rent",1
6,"critical","car (new)",666,"4 - 7 yrs","female",4,39,"own",2
12,"repaid","furniture",2251,"1 - 4 yrs","female",2,46,"own",1
30,"repaid","car (new)",2150,"1 - 4 yrs","female",2,24,"own",1
24,"delayed","furniture",4151,"1 - 4 yrs","single male",3,35,"own",2
9,"repaid","furniture",2030,"4 - 7 yrs","single male",1,24,"own",1
60,"delayed","radio/tv",7418,"1 - 4 yrs","single male",1,27,"own",1
24,"critical","radio/tv",2684,"1 - 4 yrs","single male",2,35,"own",2
12,"fully repaid","radio/tv",2149,"1 - 4 yrs","divorced male",1,29,"for free",1
15,"repaid","car (used)",3812,"0 - 1 yrs","female",4,23,"own",1
11,"critical","radio/tv",1154,"unemployed","female",4,57,"own",3
12,"repaid","furniture",1657,"1 - 4 yrs","single male",2,27,"own",1
24,"repaid","radio/tv",1603,"> 7 yrs","female",4,55,"own",1
18,"critical","car (new)",5302,"> 7 yrs","single male",4,36,"for free",3
12,"critical","education",2748,"> 7 yrs","female",4,57,"for free",3
10,"critical","car (new)",1231,"> 7 yrs","single male",4,32,"own",2
15,"repaid","radio/tv",802,"> 7 yrs","single male",3,37,"own",1
36,"critical","business",6304,"> 7 yrs","single male",4,36,"own",2
24,"repaid","radio/tv",1533,"0 - 1 yrs","female",3,38,"own",1
14,"repaid","car (new)",8978,"> 7 yrs","divorced male",4,45,"own",1
24,"repaid","radio/tv",999,"> 7 yrs","single male",2,25,"own",2
18,"repaid","car (new)",2662,"4 - 7 yrs","single male",3,32,"own",1
12,"critical","furniture",1402,"4 - 7 yrs","female",4,37,"rent",1
48,"fully repaid","car (new)",12169,"unemployed","single male",4,36,"for free",1
48,"repaid","radio/tv",3060,"4 - 7 yrs","single male",4,28,"own",2
30,"repaid","repairs",11998,"0 - 1 yrs","divorced male",1,34,"own",1
9,"repaid","radio/tv",2697,"1 - 4 yrs","single male",2,32,"own",1
18,"critical","radio/tv",2404,"1 - 4 yrs","female",2,26,"own",2
12,"repaid","furniture",1262,"> 7 yrs","divorced male",4,49,"own",1
6,"repaid","furniture",4611,"0 - 1 yrs","female",4,32,"own",1
24,"repaid","radio/tv",1901,"1 - 4 yrs","single male",4,29,"rent",1
15,"critical","car (used)",3368,"> 7 yrs","single male",4,23,"rent",2
12,"repaid","furniture",1574,"1 - 4 yrs","single male",2,50,"own",1
18,"fully repaid","radio/tv",1445,"4 - 7 yrs","single male",4,49,"own",1
15,"critical","furniture",1520,"> 7 yrs","single male",4,63,"own",1
24,"critical","car (new)",3878,"0 - 1 yrs","divorced male",2,37,"own",1
47,"repaid","car (new)",10722,"0 - 1 yrs","female",1,35,"own",1
48,"repaid","car (used)",4788,"4 - 7 yrs","single male",3,26,"own",1
48,"delayed","others",7582,"unemployed","single male",4,31,"for free",1
12,"repaid","radio/tv",1092,"1 - 4 yrs","female",4,49,"own",2
24,"delayed","radio/tv",1024,"0 - 1 yrs","married male",4,48,"own",1
12,"repaid","business",1076,"1 - 4 yrs","married male",2,26,"own",1
36,"repaid","car (used)",9398,"0 - 1 yrs","married male",4,28,"rent",1
24,"critical","car (used)",6419,"> 7 yrs","female",4,44,"for free",2
42,"critical","car (used)",4796,"> 7 yrs","single male",4,56,"for free",1
48,"critical","business",7629,"> 7 yrs","divorced male",2,46,"own",2
48,"repaid","furniture",9960,"0 - 1 yrs","female",2,26,"own",1
12,"repaid","car (used)",4675,"0 - 1 yrs","female",4,20,"rent",1
10,"repaid","car (new)",1287,"> 7 yrs","single male",2,45,"own",1
18,"repaid","furniture",2515,"1 - 4 yrs","single male",4,43,"own",1
21,"critical","furniture",2745,"4 - 7 yrs","single male",2,32,"own",2
6,"repaid","car (new)",672,"unemployed","female",4,54,"own",1
36,"fully repaid","radio/tv",3804,"1 - 4 yrs","female",1,42,"own",1
24,"critical","car (new)",1344,"4 - 7 yrs","single male",2,37,"own",2
10,"critical","car (new)",1038,"4 - 7 yrs","single male",3,49,"own",2
48,"critical","car (new)",10127,"1 - 4 yrs","single male",2,44,"for free",1
6,"repaid","furniture",1543,"1 - 4 yrs","divorced male",2,33,"own",1
30,"repaid","car (used)",4811,"4 - 7 yrs","female",4,24,"rent",1
12,"repaid","radio/tv",727,"0 - 1 yrs","married male",3,33,"own",1
8,"repaid","furniture",1237,"1 - 4 yrs","female",4,24,"own",1
9,"repaid","car (new)",276,"1 - 4 yrs","married male",4,22,"rent",1
48,"repaid","others",5381,"unemployed","single male",4,40,"for free",1
24,"repaid","furniture",5511,"1 - 4 yrs","single male",1,25,"own",1
24,"repaid","furniture",3749,"0 - 1 yrs","female",4,26,"own",1
12,"repaid","car (new)",685,"4 - 7 yrs","married male",3,25,"own",1
4,"repaid","car (new)",1494,"0 - 1 yrs","single male",2,29,"own",1
36,"fully repaid","furniture",2746,"> 7 yrs","single male",4,31,"own",1
12,"repaid","furniture",708,"1 - 4 yrs","single male",3,38,"own",1
24,"repaid","furniture",4351,"1 - 4 yrs","female",4,48,"own",1
12,"critical","education",701,"1 - 4 yrs","single male",2,32,"own",2
15,"delayed","furniture",3643,"> 7 yrs","female",4,27,"own",2
30,"critical","car (new)",4249,"unemployed","married male",2,28,"own",2
24,"repaid","radio/tv",1938,"0 - 1 yrs","divorced male",3,32,"own",1
24,"repaid","car (used)",2910,"4 - 7 yrs","single male",1,34,"for free",1
18,"repaid","furniture",2659,"1 - 4 yrs","single male",2,28,"own",1
18,"critical","car (new)",1028,"1 - 4 yrs","female",3,36,"own",2
8,"critical","car (new)",3398,"4 - 7 yrs","single male",4,39,"own",2
12,"critical","furniture",5801,"> 7 yrs","single male",4,49,"rent",1
24,"repaid","car (new)",1525,"4 - 7 yrs","female",3,34,"own",1
36,"repaid","radio/tv",4473,"> 7 yrs","single male",2,31,"own",1
6,"repaid","radio/tv",1068,"> 7 yrs","single male",4,28,"own",1
24,"critical","car (used)",6615,"unemployed","single male",4,75,"for free",2
18,"critical","education",1864,"1 - 4 yrs","female",2,30,"own",2
60,"repaid","car (new)",7408,"0 - 1 yrs","female",2,24,"own",1
48,"critical","car (used)",11590,"1 - 4 yrs","female",4,24,"rent",2
24,"fully repaid","furniture",4110,"> 7 yrs","single male",4,23,"rent",2
6,"critical","furniture",3384,"1 - 4 yrs","divorced male",4,44,"rent",1
13,"repaid","radio/tv",2101,"0 - 1 yrs","female",4,23,"own",1
15,"repaid","domestic appliances",1275,"1 - 4 yrs","female",2,24,"rent",1
24,"repaid","furniture",4169,"1 - 4 yrs","single male",4,28,"own",1
10,"repaid","furniture",1521,"1 - 4 yrs","divorced male",2,31,"own",1
24,"critical","education",5743,"0 - 1 yrs","female",4,24,"for free",2
21,"repaid","furniture",3599,"4 - 7 yrs","female",4,26,"rent",1
18,"repaid","radio/tv",3213,"0 - 1 yrs","married male",3,25,"rent",1
18,"repaid","business",4439,"> 7 yrs","single male",1,33,"own",1
10,"repaid","car (new)",3949,"0 - 1 yrs","single male",1,37,"own",1
15,"critical","radio/tv",1459,"1 - 4 yrs","female",2,43,"own",1
13,"critical","radio/tv",882,"0 - 1 yrs","single male",4,23,"own",2
24,"repaid","radio/tv",3758,"unemployed","female",4,23,"rent",1
6,"delayed","business",1743,"1 - 4 yrs","single male",2,34,"own",2
9,"critical","education",1136,"> 7 yrs","single male",3,32,"for free",2
9,"repaid","domestic appliances",1236,"0 - 1 yrs","female",4,23,"rent",1
9,"repaid","furniture",959,"1 - 4 yrs","female",2,29,"own",1
18,"critical","car (used)",3229,"unemployed","single male",4,38,"own",1
12,"fully repaid","radio/tv",6199,"1 - 4 yrs","single male",2,28,"rent",2
10,"repaid","education",727,"> 7 yrs","single male",4,46,"for free",1
24,"repaid","car (new)",1246,"0 - 1 yrs","single male",2,23,"own",1
12,"critical","radio/tv",2331,"> 7 yrs","single male",4,49,"own",1
36,"delayed","radio/tv",4463,"1 - 4 yrs","single male",2,26,"own",2
12,"repaid","radio/tv",776,"1 - 4 yrs","married male",2,28,"own",1
30,"repaid","furniture",2406,"4 - 7 yrs","female",4,23,"rent",1
18,"repaid","education",1239,"1 - 4 yrs","single male",4,61,"for free",1
12,"repaid","radio/tv",3399,"> 7 yrs","single male",3,37,"own",1
12,"delayed","car (new)",2247,"1 - 4 yrs","female",2,36,"own",2
6,"repaid","furniture",1766,"1 - 4 yrs","married male",2,21,"rent",1
18,"repaid","furniture",2473,"unemployed","single male",1,25,"own",1
12,"repaid","business",1542,"4 - 7 yrs","single male",4,36,"own",1
18,"critical","car (used)",3850,"4 - 7 yrs","single male",1,27,"own",2
18,"repaid","furniture",3650,"0 - 1 yrs","female",4,22,"rent",1
36,"repaid","furniture",3446,"> 7 yrs","single male",2,42,"own",1
18,"repaid","furniture",3001,"4 - 7 yrs","female",4,40,"rent",1
36,"repaid","car (new)",3079,"1 - 4 yrs","single male",4,36,"own",1
18,"critical","radio/tv",6070,"> 7 yrs","single male",4,33,"own",2
10,"critical","furniture",2146,"0 - 1 yrs","female",3,23,"rent",2
60,"critical","car (new)",13756,"> 7 yrs","single male",4,63,"for free",1
60,"fully repaid","others",14782,"> 7 yrs","female",4,60,"for free",2
48,"fully repaid","business",7685,"4 - 7 yrs","female",4,37,"rent",1
18,"delayed","radio/tv",2320,"unemployed","married male",3,34,"own",2
7,"delayed","radio/tv",846,"> 7 yrs","single male",4,36,"for free",1
36,"repaid","car (new)",14318,"> 7 yrs","single male",2,57,"for free",1
6,"critical","car (new)",362,"1 - 4 yrs","female",4,52,"own",2
20,"repaid","furniture",2212,"4 - 7 yrs","single male",4,39,"own",1
18,"repaid","car (used)",12976,"unemployed","female",4,38,"for free",1
22,"repaid","car (new)",1283,"4 - 7 yrs","female",4,25,"rent",1
12,"repaid","car (new)",1330,"0 - 1 yrs","single male",1,26,"own",1
30,"delayed","business",4272,"1 - 4 yrs","single male",2,26,"own",2
18,"critical","radio/tv",2238,"1 - 4 yrs","female",1,25,"own",2
18,"repaid","radio/tv",1126,"0 - 1 yrs","female",2,21,"rent",1
18,"critical","furniture",7374,"unemployed","single male",4,40,"own",2
15,"critical","business",2326,"1 - 4 yrs","single male",4,27,"own",1
9,"repaid","business",1449,"4 - 7 yrs","female",2,27,"own",2
18,"repaid","car (new)",1820,"1 - 4 yrs","married male",2,30,"own",1
12,"repaid","furniture",983,"0 - 1 yrs","female",4,19,"rent",1
36,"repaid","car (new)",3249,"4 - 7 yrs","single male",4,39,"for free",1
6,"critical","radio/tv",1957,"4 - 7 yrs","female",4,31,"own",1
9,"critical","furniture",2406,"unemployed","single male",3,31,"own",1
39,"delayed","education",11760,"4 - 7 yrs","single male",3,32,"rent",1
12,"repaid","furniture",2578,"unemployed","female",4,55,"for free",1
36,"critical","furniture",2348,"1 - 4 yrs","married male",2,46,"own",2
12,"repaid","car (new)",1223,"> 7 yrs","divorced male",1,46,"rent",2
24,"critical","radio/tv",1516,"1 - 4 yrs","female",1,43,"own",2
18,"repaid","radio/tv",1473,"0 - 1 yrs","married male",4,39,"own",1
18,"critical","business",1887,"1 - 4 yrs","married male",4,28,"own",2
24,"delayed","business",8648,"0 - 1 yrs","single male",2,27,"own",2
14,"delayed","car (new)",802,"1 - 4 yrs","single male",2,27,"own",2
18,"delayed","car (new)",2899,"> 7 yrs","single male",4,43,"own",1
24,"repaid","radio/tv",2039,"0 - 1 yrs","married male",1,22,"own",1
24,"critical","car (used)",2197,"4 - 7 yrs","single male",4,43,"own",2
15,"repaid","radio/tv",1053,"0 - 1 yrs","married male",2,27,"own",1
24,"repaid","radio/tv",3235,"> 7 yrs","divorced male",2,26,"own",1
12,"critical","car (new)",939,"4 - 7 yrs","married male",2,28,"own",3
24,"repaid","radio/tv",1967,"> 7 yrs","female",4,20,"own",1
33,"critical","car (used)",7253,"4 - 7 yrs","single male",2,35,"own",2
12,"critical","business",2292,"unemployed","single male",2,42,"own",2
10,"repaid","car (new)",1597,"1 - 4 yrs","single male",2,40,"rent",1
24,"repaid","car (new)",1381,"1 - 4 yrs","female",2,35,"own",1
36,"critical","car (used)",5842,"> 7 yrs","single male",2,35,"own",2
12,"repaid","car (new)",2579,"0 - 1 yrs","single male",1,33,"own",1
18,"delayed","education",8471,"1 - 4 yrs","female",2,23,"rent",2
21,"repaid","car (new)",2782,"4 - 7 yrs","female",2,31,"own",1
18,"repaid","car (new)",1042,"1 - 4 yrs","female",2,33,"own",1
15,"repaid","car (new)",3186,"4 - 7 yrs","female",3,20,"rent",1
12,"repaid","car (used)",2028,"1 - 4 yrs","single male",2,30,"own",1
12,"critical","car (new)",958,"4 - 7 yrs","single male",3,47,"own",2
21,"delayed","furniture",1591,"4 - 7 yrs","single male",3,34,"own",2
12,"repaid","furniture",2762,"> 7 yrs","female",2,25,"own",1
18,"repaid","car (used)",2779,"1 - 4 yrs","married male",3,21,"rent",1
28,"critical","radio/tv",2743,"> 7 yrs","single male",2,29,"own",2
18,"critical","radio/tv",1149,"1 - 4 yrs","single male",3,46,"own",2
9,"repaid","furniture",1313,"> 7 yrs","single male",4,20,"own",1
18,"critical","repairs",1190,"unemployed","female",4,55,"for free",3
5,"repaid","business",3448,"4 - 7 yrs","single male",4,74,"own",1
24,"repaid","others",11328,"1 - 4 yrs","single male",3,29,"own",2
6,"critical","furniture",1872,"unemployed","single male",4,36,"for free",3
24,"critical","repairs",2058,"1 - 4 yrs","divorced male",2,33,"own",2
9,"repaid","furniture",2136,"1 - 4 yrs","single male",2,25,"own",1
12,"repaid","radio/tv",1484,"1 - 4 yrs","married male",1,25,"own",1
6,"repaid","repairs",660,"4 - 7 yrs","married male",4,23,"rent",1
24,"critical","car (new)",1287,"> 7 yrs","female",4,37,"own",2
42,"critical","repairs",3394,"unemployed","single male",4,65,"own",2
12,"fully repaid","business",609,"0 - 1 yrs","female",1,26,"own",1
12,"repaid","car (new)",1884,"> 7 yrs","single male",4,39,"own",1
12,"repaid","furniture",1620,"1 - 4 yrs","female",3,30,"own",1
20,"delayed","others",2629,"1 - 4 yrs","single male",3,29,"own",2
12,"repaid","education",719,"> 7 yrs","single male",4,41,"own",1
48,"critical","furniture",5096,"1 - 4 yrs","female",3,30,"own",1
9,"critical","education",1244,"> 7 yrs","female",4,41,"rent",2
36,"repaid","car (new)",1842,"0 - 1 yrs","female",4,34,"own",1
7,"repaid","radio/tv",2576,"1 - 4 yrs","single male",2,35,"own",1
12,"repaid","furniture",1424,"> 7 yrs","female",4,55,"own",1
15,"delayed","repairs",1512,"1 - 4 yrs","married male",3,61,"own",2
36,"critical","car (used)",11054,"1 - 4 yrs","single male",2,30,"own",1
6,"repaid","radio/tv",518,"1 - 4 yrs","female",1,29,"own",1
12,"fully repaid","furniture",2759,"> 7 yrs","single male",4,34,"own",2
24,"repaid","car (used)",2670,"> 7 yrs","single male",4,35,"own",1
24,"repaid","car (new)",4817,"4 - 7 yrs","single male",3,31,"own",1
24,"repaid","car (used)",2679,"0 - 1 yrs","female",1,29,"own",1
11,"critical","car (new)",3905,"1 - 4 yrs","single male",2,36,"rent",2
12,"repaid","car (used)",3386,"> 7 yrs","single male",4,35,"for free",1
6,"repaid","domestic appliances",343,"0 - 1 yrs","female",1,27,"own",1
18,"repaid","radio/tv",4594,"0 - 1 yrs","single male",2,32,"own",1
36,"repaid","furniture",3620,"1 - 4 yrs","single male",2,37,"own",1
15,"repaid","car (new)",1721,"0 - 1 yrs","single male",3,36,"own",1
12,"repaid","furniture",3017,"0 - 1 yrs","female",1,34,"rent",1
12,"repaid","retraining",754,"> 7 yrs","single male",4,38,"own",2
18,"repaid","business",1950,"4 - 7 yrs","single male",1,34,"own",2
24,"repaid","car (used)",2924,"1 - 4 yrs","single male",4,63,"own",1
24,"delayed","radio/tv",1659,"0 - 1 yrs","female",2,29,"rent",1
48,"delayed","radio/tv",7238,"> 7 yrs","single male",3,32,"own",2
33,"delayed","business",2764,"1 - 4 yrs","female",2,26,"own",2
24,"delayed","car (used)",4679,"4 - 7 yrs","single male",3,35,"own",2
24,"repaid","radio/tv",3092,"0 - 1 yrs","married male",2,22,"rent",1
6,"repaid","education",448,"0 - 1 yrs","female",4,23,"own",1
9,"repaid","car (new)",654,"1 - 4 yrs","single male",3,28,"own",1
6,"repaid","retraining",1238,"unemployed","single male",4,36,"own",1
18,"critical","radio/tv",1245,"1 - 4 yrs","married male",2,33,"own",1
18,"fully repaid","furniture",3114,"0 - 1 yrs","female",4,26,"rent",1
39,"repaid","car (used)",2569,"1 - 4 yrs","single male",4,24,"own",1
24,"repaid","radio/tv",5152,"4 - 7 yrs","single male",2,25,"own",1
12,"repaid","business",1037,"4 - 7 yrs","single male",4,39,"own",1
15,"critical","furniture",1478,"> 7 yrs","single male",4,44,"own",2
12,"critical","radio/tv",3573,"1 - 4 yrs","female",1,23,"own",1
24,"repaid","car (new)",1201,"0 - 1 yrs","single male",1,26,"own",1
30,"repaid","furniture",3622,"> 7 yrs","female",4,57,"rent",2
15,"delayed","furniture",960,"4 - 7 yrs","female",2,30,"own",2
12,"critical","car (new)",1163,"1 - 4 yrs","single male",4,44,"own",1
6,"delayed","car (new)",1209,"unemployed","single male",4,47,"own",1
12,"repaid","radio/tv",3077,"1 - 4 yrs","single male",4,52,"own",1
24,"repaid","car (new)",3757,"> 7 yrs","female",4,62,"for free",1
10,"repaid","car (new)",1418,"1 - 4 yrs","single male",2,35,"rent",1
6,"repaid","car (new)",3518,"1 - 4 yrs","single male",3,26,"rent",1
12,"critical","radio/tv",1934,"> 7 yrs","single male",2,26,"own",2
27,"fully repaid","business",8318,"> 7 yrs","female",4,42,"for free",2
6,"critical","radio/tv",1237,"1 - 4 yrs","female",1,27,"own",2
6,"repaid","radio/tv",368,"> 7 yrs","single male",4,38,"own",1
12,"critical","car (new)",2122,"1 - 4 yrs","single male",2,39,"rent",2
24,"repaid","furniture",2996,"1 - 4 yrs","married male",4,20,"own",1
36,"repaid","furniture",9034,"0 - 1 yrs","single male",1,29,"rent",1
24,"critical","furniture",1585,"4 - 7 yrs","single male",3,40,"own",2
18,"repaid","radio/tv",1301,"> 7 yrs","married male",2,32,"own",1
6,"critical","car (new)",1323,"> 7 yrs","divorced male",4,28,"own",2
24,"repaid","car (new)",3123,"0 - 1 yrs","female",1,27,"own",1
36,"repaid","car (used)",5493,"> 7 yrs","single male",4,42,"for free",1
9,"repaid","radio/tv",1126,"> 7 yrs","divorced male",4,49,"own",1
24,"critical","radio/tv",1216,"0 - 1 yrs","single male",4,38,"own",2
24,"repaid","car (new)",1207,"0 - 1 yrs","female",4,24,"rent",1
10,"repaid","car (new)",1309,"1 - 4 yrs","single male",4,27,"own",1
15,"critical","car (used)",2360,"1 - 4 yrs","single male",2,36,"own",1
15,"fully repaid","car (new)",6850,"unemployed","single male",2,34,"own",1
24,"repaid","radio/tv",1413,"1 - 4 yrs","married male",2,28,"own",1
39,"repaid","car (used)",8588,"> 7 yrs","single male",2,45,"own",1
12,"repaid","car (new)",759,"4 - 7 yrs","single male",2,26,"own",1
36,"repaid","car (used)",4686,"1 - 4 yrs","single male",2,32,"for free",1
15,"repaid","business",2687,"4 - 7 yrs","single male",4,26,"rent",1
12,"delayed","radio/tv",585,"1 - 4 yrs","married male",4,20,"rent",2
24,"repaid","car (new)",2255,"0 - 1 yrs","single male",1,54,"own",1
6,"critical","car (new)",609,"4 - 7 yrs","female",3,37,"own",2
6,"critical","car (new)",1361,"0 - 1 yrs","single male",4,40,"own",1
36,"critical","furniture",7127,"0 - 1 yrs","female",4,23,"rent",2
6,"repaid","car (new)",1203,"> 7 yrs","single male",2,43,"own",1
6,"critical","radio/tv",700,"> 7 yrs","single male",4,36,"for free",2
24,"critical","repairs",5507,"> 7 yrs","single male",4,44,"for free",2
18,"repaid","radio/tv",3190,"1 - 4 yrs","female",2,24,"own",1
48,"fully repaid","furniture",7119,"1 - 4 yrs","single male",4,53,"for free",2
24,"repaid","car (used)",3488,"4 - 7 yrs","female",4,23,"own",1
18,"repaid","radio/tv",1113,"1 - 4 yrs","female",4,26,"own",1
26,"repaid","car (used)",7966,"0 - 1 yrs","single male",3,30,"own",2
15,"critical","education",1532,"1 - 4 yrs","female",3,31,"own",1
4,"critical","radio/tv",1503,"4 - 7 yrs","single male",1,42,"own",2
36,"repaid","radio/tv",2302,"1 - 4 yrs","divorced male",4,31,"rent",1
6,"repaid","car (new)",662,"0 - 1 yrs","single male",4,41,"own",1
36,"repaid","education",2273,"4 - 7 yrs","single male",1,32,"own",2
15,"repaid","car (new)",2631,"1 - 4 yrs","female",4,28,"rent",2
12,"delayed","car (used)",1503,"1 - 4 yrs","married male",4,41,"rent",1
24,"repaid","radio/tv",1311,"4 - 7 yrs","married male",3,26,"own",1
24,"repaid","radio/tv",3105,"0 - 1 yrs","single male",2,25,"own",2
21,"critical","education",2319,"0 - 1 yrs","divorced male",1,33,"rent",1
6,"repaid","car (new)",1374,"unemployed","female",3,75,"own",1
18,"critical","furniture",3612,"> 7 yrs","female",4,37,"own",1
48,"repaid","car (new)",7763,"> 7 yrs","single male",4,42,"for free",1
18,"repaid","furniture",3049,"0 - 1 yrs","female",1,45,"own",1
12,"repaid","radio/tv",1534,"0 - 1 yrs","married male",1,23,"rent",1
24,"delayed","car (new)",2032,"> 7 yrs","single male",4,60,"for free",2
30,"repaid","furniture",6350,"> 7 yrs","single male",4,31,"own",1
18,"repaid","furniture",2864,"1 - 4 yrs","single male",1,34,"own",1
12,"critical","car (new)",1255,"> 7 yrs","single male",4,61,"own",2
24,"delayed","car (new)",1333,"unemployed","single male",2,43,"for free",2
24,"critical","car (new)",2022,"1 - 4 yrs","female",4,37,"own",1
24,"repaid","radio/tv",1552,"4 - 7 yrs","single male",1,32,"own",1
12,"fully repaid","radio/tv",626,"1 - 4 yrs","female",4,24,"own",1
48,"critical","car (used)",8858,"4 - 7 yrs","single male",1,35,"for free",2
12,"critical","repairs",996,"4 - 7 yrs","female",4,23,"own",2
6,"fully repaid","radio/tv",1750,"> 7 yrs","single male",4,45,"own",1
48,"repaid","radio/tv",6999,"4 - 7 yrs","married male",1,34,"own",2
12,"critical","car (new)",1995,"0 - 1 yrs","single male",1,27,"own",1
9,"repaid","education",1199,"4 - 7 yrs","female",4,67,"own",2
12,"repaid","radio/tv",1331,"0 - 1 yrs","single male",1,22,"own",1
18,"fully repaid","car (new)",2278,"0 - 1 yrs","female",3,28,"own",2
21,"fully repaid","car (new)",5003,"1 - 4 yrs","female",4,29,"own",2
24,"fully repaid","furniture",3552,"4 - 7 yrs","single male",4,27,"own",1
18,"critical","furniture",1928,"0 - 1 yrs","single male",2,31,"own",2
24,"repaid","car (used)",2964,"> 7 yrs","single male",4,49,"for free",1
24,"fully repaid","radio/tv",1546,"4 - 7 yrs","single male",4,24,"rent",1
6,"delayed","radio/tv",683,"0 - 1 yrs","female",1,29,"own",1
36,"repaid","car (new)",12389,"1 - 4 yrs","single male",4,37,"for free",1
24,"delayed","business",4712,"1 - 4 yrs","single male",2,37,"own",2
24,"delayed","radio/tv",1553,"4 - 7 yrs","female",2,23,"rent",2
12,"repaid","car (new)",1372,"4 - 7 yrs","divorced male",3,36,"own",1
24,"critical","radio/tv",2578,"> 7 yrs","single male",2,34,"own",1
48,"repaid","radio/tv",3979,"4 - 7 yrs","single male",1,41,"own",2
48,"repaid","radio/tv",6758,"1 - 4 yrs","female",2,31,"own",1
24,"repaid","furniture",3234,"0 - 1 yrs","female",4,23,"rent",1
30,"critical","radio/tv",5954,"4 - 7 yrs","single male",2,38,"own",1
24,"repaid","car (used)",5433,"unemployed","female",4,26,"rent",1
15,"repaid","business",806,"1 - 4 yrs","female",4,22,"own",1
9,"repaid","radio/tv",1082,"> 7 yrs","single male",4,27,"own",2
15,"critical","furniture",2788,"4 - 7 yrs","female",3,24,"own",2
12,"repaid","radio/tv",2930,"4 - 7 yrs","female",1,27,"own",1
24,"critical","education",1927,"1 - 4 yrs","female",2,33,"own",2
36,"critical","car (new)",2820,"0 - 1 yrs","divorced male",4,27,"own",2
24,"repaid","retraining",937,"0 - 1 yrs","married male",3,27,"own",2
18,"critical","car (new)",1056,"> 7 yrs","single male",3,30,"own",2
12,"critical","car (new)",3124,"0 - 1 yrs","single male",3,49,"own",2
9,"repaid","furniture",1388,"1 - 4 yrs","female",2,26,"rent",1
36,"repaid","repairs",2384,"0 - 1 yrs","single male",1,33,"rent",1
12,"repaid","car (new)",2133,"> 7 yrs","female",4,52,"for free",1
18,"repaid","furniture",2039,"1 - 4 yrs","female",4,20,"rent",1
9,"critical","car (new)",2799,"1 - 4 yrs","single male",2,36,"rent",2
12,"repaid","furniture",1289,"1 - 4 yrs","single male",1,21,"own",1
18,"repaid","domestic appliances",1217,"1 - 4 yrs","married male",3,47,"own",1
12,"critical","furniture",2246,"> 7 yrs","single male",3,60,"own",2
12,"critical","radio/tv",385,"4 - 7 yrs","female",3,58,"own",4
24,"delayed","car (new)",1965,"1 - 4 yrs","female",4,42,"rent",2
21,"repaid","business",1572,"> 7 yrs","female",4,36,"own",1
24,"repaid","car (new)",2718,"1 - 4 yrs","female",4,20,"rent",1
24,"fully repaid","others",1358,"> 7 yrs","single male",3,40,"own",1
6,"fully repaid","car (new)",931,"0 - 1 yrs","female",1,32,"own",1
24,"repaid","car (new)",1442,"4 - 7 yrs","female",4,23,"rent",2
24,"fully repaid","business",4241,"1 - 4 yrs","single male",4,36,"own",3
18,"critical","car (new)",2775,"4 - 7 yrs","single male",2,31,"own",2
24,"delayed","business",3863,"1 - 4 yrs","single male",2,32,"for free",1
7,"repaid","radio/tv",2329,"0 - 1 yrs","female",1,45,"own",1
9,"repaid","furniture",918,"1 - 4 yrs","female",1,30,"own",1
24,"fully repaid","education",1837,"4 - 7 yrs","female",4,34,"for free",1
36,"repaid","furniture",3349,"1 - 4 yrs","female",2,28,"own",1
10,"repaid","furniture",1275,"0 - 1 yrs","female",2,23,"own",1
24,"fully repaid","furniture",2828,"1 - 4 yrs","single male",4,22,"own",1
24,"critical","business",4526,"1 - 4 yrs","single male",2,74,"own",1
36,"repaid","radio/tv",2671,"1 - 4 yrs","female",4,50,"for free",1
18,"repaid","radio/tv",2051,"0 - 1 yrs","single male",1,33,"own",1
15,"repaid","car (used)",1300,"> 7 yrs","single male",4,45,"for free",1
12,"repaid","domestic appliances",741,"unemployed","female",3,22,"own",1
10,"repaid","car (new)",1240,"> 7 yrs","female",4,48,"for free",1
21,"repaid","radio/tv",3357,"0 - 1 yrs","female",2,29,"own",1
24,"fully repaid","car (used)",3632,"1 - 4 yrs","female",4,22,"rent",1
18,"delayed","furniture",1808,"4 - 7 yrs","female",1,22,"own",1
48,"fully repaid","business",12204,"1 - 4 yrs","single male",2,48,"own",1
60,"delayed","radio/tv",9157,"1 - 4 yrs","single male",2,27,"for free",1
6,"critical","car (new)",3676,"1 - 4 yrs","single male",3,37,"rent",3
30,"repaid","furniture",3441,"1 - 4 yrs","female",4,21,"rent",1
12,"repaid","car (new)",640,"1 - 4 yrs","divorced male",2,49,"own",1
21,"critical","business",3652,"4 - 7 yrs","single male",3,27,"own",2
18,"critical","car (new)",1530,"1 - 4 yrs","single male",2,32,"own",2
48,"repaid","business",3914,"1 - 4 yrs","divorced male",2,38,"own",1
12,"repaid","furniture",1858,"0 - 1 yrs","female",1,22,"rent",1
18,"repaid","radio/tv",2600,"1 - 4 yrs","single male",4,65,"for free",2
15,"repaid","radio/tv",1979,"> 7 yrs","single male",2,35,"own",1
6,"repaid","furniture",2116,"1 - 4 yrs","single male",2,41,"own",1
9,"fully repaid","car (new)",1437,"4 - 7 yrs","single male",3,29,"own",1
42,"critical","furniture",4042,"1 - 4 yrs","single male",4,36,"own",2
9,"repaid","education",3832,"> 7 yrs","single male",4,64,"own",1
24,"repaid","radio/tv",3660,"1 - 4 yrs","female",4,28,"own",1
18,"fully repaid","furniture",1553,"1 - 4 yrs","single male",3,44,"own",1
15,"repaid","radio/tv",1444,"0 - 1 yrs","single male",1,23,"own",1
9,"repaid","furniture",1980,"0 - 1 yrs","female",2,19,"rent",2
24,"repaid","car (new)",1355,"0 - 1 yrs","female",4,25,"own",1
12,"repaid","education",1393,"> 7 yrs","single male",4,47,"own",3
24,"repaid","radio/tv",1376,"4 - 7 yrs","female",1,28,"own",1
60,"delayed","radio/tv",15653,"4 - 7 yrs","single male",4,21,"own",2
12,"repaid","radio/tv",1493,"0 - 1 yrs","female",3,34,"own",1
42,"delayed","radio/tv",4370,"4 - 7 yrs","single male",2,26,"own",2
18,"repaid","education",750,"unemployed","female",1,27,"own",1
15,"repaid","repairs",1308,"> 7 yrs","single male",4,38,"own",2
15,"repaid","education",4623,"1 - 4 yrs","single male",2,40,"own",1
24,"critical","radio/tv",1851,"4 - 7 yrs","married male",2,33,"own",2
18,"critical","radio/tv",1880,"4 - 7 yrs","married male",1,32,"own",2
36,"delayed","business",7980,"0 - 1 yrs","single male",4,27,"rent",2
30,"fully repaid","furniture",4583,"1 - 4 yrs","divorced male",2,32,"own",2
12,"repaid","car (new)",1386,"1 - 4 yrs","female",2,26,"own",1
24,"repaid","car (new)",947,"4 - 7 yrs","single male",3,38,"for free",1
12,"repaid","education",684,"1 - 4 yrs","single male",4,40,"rent",1
48,"repaid","education",7476,"4 - 7 yrs","single male",1,50,"for free",1
12,"repaid","furniture",1922,"1 - 4 yrs","single male",2,37,"own",1
24,"repaid","car (new)",2303,"> 7 yrs","single male",1,45,"own",1
36,"delayed","car (new)",8086,"> 7 yrs","single male",4,42,"own",4
24,"critical","car (used)",2346,"4 - 7 yrs","single male",3,35,"own",2
14,"repaid","car (new)",3973,"unemployed","single male",4,22,"for free",1
12,"repaid","car (new)",888,"> 7 yrs","single male",4,41,"own",1
48,"repaid","radio/tv",10222,"4 - 7 yrs","single male",3,37,"own",1
30,"fully repaid","business",4221,"1 - 4 yrs","female",1,28,"own",2
18,"critical","furniture",6361,"> 7 yrs","single male",1,41,"own",1
12,"repaid","radio/tv",1297,"1 - 4 yrs","married male",4,23,"rent",1
12,"repaid","car (new)",900,"1 - 4 yrs","married male",2,23,"own",1
21,"repaid","furniture",2241,"> 7 yrs","single male",2,50,"own",2
6,"delayed","furniture",1050,"unemployed","single male",1,35,"own",2
6,"critical","education",1047,"1 - 4 yrs","female",4,50,"own",1
24,"critical","others",6314,"unemployed","single male",2,27,"own",2
30,"fully repaid","furniture",3496,"1 - 4 yrs","single male",2,34,"own",1
48,"fully repaid","business",3609,"1 - 4 yrs","female",1,27,"own",1
12,"critical","car (new)",4843,"> 7 yrs","single male",4,43,"rent",2
30,"critical","radio/tv",3017,"> 7 yrs","single male",4,47,"own",1
24,"critical","business",4139,"1 - 4 yrs","single male",3,27,"own",2
36,"repaid","business",5742,"4 - 7 yrs","single male",2,31,"own",2
60,"repaid","car (new)",10366,"> 7 yrs","single male",4,42,"own",1
6,"critical","car (new)",2080,"1 - 4 yrs","married male",2,24,"own",1
21,"delayed","business",2580,"0 - 1 yrs","single male",2,41,"own",1
30,"critical","radio/tv",4530,"4 - 7 yrs","female",4,26,"rent",1
24,"critical","furniture",5150,"> 7 yrs","single male",4,33,"own",1
72,"repaid","radio/tv",5595,"1 - 4 yrs","married male",2,24,"own",1
24,"repaid","radio/tv",2384,"> 7 yrs","single male",4,64,"rent",1
18,"repaid","radio/tv",1453,"0 - 1 yrs","female",1,26,"own",1
6,"repaid","education",1538,"0 - 1 yrs","female",2,56,"own",1
12,"repaid","radio/tv",2279,"1 - 4 yrs","single male",4,37,"for free",1
15,"delayed","radio/tv",1478,"1 - 4 yrs","married male",3,33,"own",2
24,"critical","radio/tv",5103,"0 - 1 yrs","married male",3,47,"for free",3
36,"delayed","business",9857,"4 - 7 yrs","single male",3,31,"own",2
60,"repaid","car (new)",6527,"1 - 4 yrs","single male",4,34,"for free",1
10,"critical","radio/tv",1347,"4 - 7 yrs","single male",2,27,"own",2
36,"delayed","car (new)",2862,"> 7 yrs","single male",3,30,"for free",1
9,"repaid","radio/tv",2753,"> 7 yrs","single male",4,35,"own",1
12,"repaid","car (new)",3651,"1 - 4 yrs","single male",3,31,"own",1
15,"critical","furniture",975,"1 - 4 yrs","divorced male",3,25,"own",2
15,"repaid","repairs",2631,"1 - 4 yrs","female",2,25,"own",1
24,"repaid","radio/tv",2896,"0 - 1 yrs","single male",1,29,"own",1
6,"critical","car (new)",4716,"0 - 1 yrs","single male",3,44,"own",2
24,"repaid","radio/tv",2284,"4 - 7 yrs","single male",2,28,"own",1
6,"repaid","car (used)",1236,"1 - 4 yrs","single male",4,50,"rent",1
12,"repaid","radio/tv",1103,"4 - 7 yrs","single male",3,29,"own",2
12,"critical","car (new)",926,"unemployed","female",2,38,"own",1
18,"critical","radio/tv",1800,"1 - 4 yrs","single male",2,24,"own",2
15,"repaid","education",1905,"> 7 yrs","single male",4,40,"rent",1
12,"repaid","furniture",1123,"1 - 4 yrs","female",4,29,"rent",1
48,"critical","car (used)",6331,"> 7 yrs","single male",4,46,"for free",2
24,"repaid","radio/tv",1377,"> 7 yrs","female",2,47,"for free",1
30,"delayed","business",2503,"> 7 yrs","single male",2,41,"own",2
27,"repaid","business",2528,"0 - 1 yrs","female",1,32,"own",1
15,"repaid","car (new)",5324,"> 7 yrs","female",4,35,"for free",1
48,"repaid","car (new)",6560,"4 - 7 yrs","single male",2,24,"own",1
12,"fully repaid","furniture",2969,"0 - 1 yrs","female",3,25,"rent",2
9,"repaid","radio/tv",1206,"> 7 yrs","female",4,25,"own",1
9,"repaid","radio/tv",2118,"1 - 4 yrs","single male",2,37,"own",1
18,"critical","radio/tv",629,"> 7 yrs","single male",3,32,"own",2
6,"fully repaid","education",1198,"> 7 yrs","female",4,35,"for free",1
21,"repaid","car (used)",2476,"> 7 yrs","single male",4,46,"own",1
9,"critical","radio/tv",1138,"1 - 4 yrs","single male",4,25,"own",2
60,"repaid","car (new)",14027,"4 - 7 yrs","single male",2,27,"own",1
30,"critical","car (used)",7596,"> 7 yrs","single male",4,63,"own",2
30,"critical","radio/tv",3077,"> 7 yrs","single male",2,40,"own",2
18,"repaid","radio/tv",1505,"1 - 4 yrs","single male",2,32,"for free",1
24,"critical","radio/tv",3148,"1 - 4 yrs","single male",2,31,"own",2
20,"fully repaid","car (used)",6148,"> 7 yrs","married male",4,31,"own",2
9,"fully repaid","radio/tv",1337,"0 - 1 yrs","single male",2,34,"own",2
6,"fully repaid","education",433,"0 - 1 yrs","female",2,24,"rent",1
12,"repaid","car (new)",1228,"1 - 4 yrs","female",2,24,"own",1
9,"repaid","radio/tv",790,"1 - 4 yrs","female",3,66,"own",1
27,"repaid","car (new)",2570,"1 - 4 yrs","female",3,21,"rent",1
6,"critical","car (new)",250,"1 - 4 yrs","female",2,41,"own",2
15,"critical","radio/tv",1316,"1 - 4 yrs","married male",2,47,"own",2
18,"repaid","radio/tv",1882,"1 - 4 yrs","female",4,25,"rent",2
48,"fully repaid","business",6416,"> 7 yrs","female",3,59,"rent",1
24,"critical","business",1275,"1 - 4 yrs","divorced male",4,36,"own",2
24,"delayed","radio/tv",6403,"0 - 1 yrs","single male",2,33,"own",1
24,"repaid","radio/tv",1987,"1 - 4 yrs","single male",4,21,"rent",1
8,"repaid","radio/tv",760,"4 - 7 yrs","female",2,44,"own",1
24,"repaid","car (used)",2603,"1 - 4 yrs","female",4,28,"rent",1
4,"critical","car (new)",3380,"4 - 7 yrs","female",1,37,"own",1
36,"fully repaid","domestic appliances",3990,"0 - 1 yrs","female",2,29,"own",1
24,"repaid","car (used)",11560,"1 - 4 yrs","female",4,23,"rent",2
18,"repaid","car (new)",4380,"1 - 4 yrs","single male",4,35,"own",1
6,"critical","car (new)",6761,"4 - 7 yrs","single male",3,45,"own",2
30,"fully repaid","business",4280,"1 - 4 yrs","female",4,26,"rent",2
24,"fully repaid","car (new)",2325,"4 - 7 yrs","single male",3,32,"own",1
10,"fully repaid","radio/tv",1048,"1 - 4 yrs","single male",4,23,"own",1
21,"repaid","radio/tv",3160,"> 7 yrs","single male",3,41,"own",1
24,"fully repaid","furniture",2483,"1 - 4 yrs","single male",4,22,"own",1
39,"critical","furniture",14179,"4 - 7 yrs","single male",4,30,"own",2
13,"critical","business",1797,"0 - 1 yrs","single male",1,28,"own",2
15,"repaid","car (new)",2511,"unemployed","female",4,23,"rent",1
12,"repaid","car (new)",1274,"0 - 1 yrs","female",1,37,"own",1
21,"repaid","car (used)",5248,"1 - 4 yrs","single male",3,26,"own",1
15,"repaid","car (used)",3029,"4 - 7 yrs","single male",2,33,"own",1
6,"repaid","furniture",428,"> 7 yrs","female",1,49,"own",1
18,"repaid","car (new)",976,"0 - 1 yrs","female",2,23,"own",1
12,"repaid","business",841,"4 - 7 yrs","female",4,23,"rent",1
30,"critical","radio/tv",5771,"4 - 7 yrs","female",2,25,"own",2
12,"delayed","repairs",1555,"> 7 yrs","single male",4,55,"for free",2
24,"repaid","car (new)",1285,"4 - 7 yrs","female",4,32,"rent",1
6,"critical","car (new)",1299,"1 - 4 yrs","single male",1,74,"own",3
15,"critical","radio/tv",1271,"1 - 4 yrs","single male",4,39,"for free",2
24,"repaid","car (new)",1393,"1 - 4 yrs","single male",2,31,"own",1
12,"critical","car (new)",691,"> 7 yrs","single male",3,35,"own",2
15,"critical","car (new)",5045,"> 7 yrs","female",4,59,"own",1
18,"critical","furniture",2124,"1 - 4 yrs","female",4,24,"rent",2
12,"repaid","radio/tv",2214,"1 - 4 yrs","single male",3,24,"own",1
21,"critical","car (new)",12680,"> 7 yrs","single male",4,30,"for free",1
24,"critical","car (new)",2463,"4 - 7 yrs","married male",3,27,"own",2
12,"repaid","radio/tv",1155,"> 7 yrs","married male",3,40,"own",2
30,"repaid","furniture",3108,"0 - 1 yrs","divorced male",4,31,"own",1
10,"repaid","car (used)",2901,"0 - 1 yrs","female",4,31,"rent",1
12,"critical","furniture",3617,"> 7 yrs","single male",4,28,"rent",3
12,"critical","radio/tv",1655,"> 7 yrs","single male",4,63,"own",2
24,"repaid","car (used)",2812,"> 7 yrs","female",4,26,"rent",1
36,"critical","education",8065,"1 - 4 yrs","female",2,25,"own",2
21,"critical","car (used)",3275,"> 7 yrs","single male",4,36,"own",1
24,"critical","radio/tv",2223,"> 7 yrs","single male",4,52,"own",2
12,"critical","car (new)",1480,"unemployed","single male",4,66,"for free",3
24,"repaid","car (new)",1371,"1 - 4 yrs","female",4,25,"rent",1
36,"critical","car (new)",3535,"4 - 7 yrs","single male",4,37,"own",2
18,"repaid","radio/tv",3509,"4 - 7 yrs","female",1,25,"own",1
36,"critical","car (used)",5711,"> 7 yrs","single male",2,38,"own",2
18,"repaid","repairs",3872,"unemployed","female",4,67,"own",1
39,"critical","radio/tv",4933,"4 - 7 yrs","single male",2,25,"own",2
24,"critical","car (new)",1940,"> 7 yrs","single male",4,60,"own",1
12,"fully repaid","retraining",1410,"1 - 4 yrs","single male",2,31,"own",1
12,"repaid","car (new)",836,"0 - 1 yrs","female",2,23,"own",1
20,"repaid","car (used)",6468,"unemployed","divorced male",4,60,"own",1
18,"repaid","business",1941,"1 - 4 yrs","single male",2,35,"own",1
22,"repaid","radio/tv",2675,"> 7 yrs","single male",4,40,"own",1
48,"critical","car (used)",2751,"> 7 yrs","single male",3,38,"own",2
48,"delayed","education",6224,"> 7 yrs","single male",4,50,"for free",1
40,"critical","education",5998,"1 - 4 yrs","single male",3,27,"own",1
21,"repaid","business",1188,"> 7 yrs","female",4,39,"own",1
24,"repaid","car (used)",6313,"> 7 yrs","single male",4,41,"own",1
6,"critical","furniture",1221,"1 - 4 yrs","married male",2,27,"own",2
24,"repaid","furniture",2892,"> 7 yrs","divorced male",4,51,"for free",1
24,"repaid","furniture",3062,"> 7 yrs","single male",3,32,"rent",1
9,"repaid","furniture",2301,"0 - 1 yrs","female",4,22,"rent",1
18,"repaid","car (used)",7511,"> 7 yrs","single male",4,51,"for free",1
12,"critical","furniture",1258,"0 - 1 yrs","female",4,22,"rent",2
24,"delayed","car (new)",717,"> 7 yrs","married male",4,54,"own",2
9,"repaid","car (new)",1549,"0 - 1 yrs","single male",2,35,"own",1
24,"critical","education",1597,"> 7 yrs","single male",4,54,"for free",2
18,"critical","radio/tv",1795,"> 7 yrs","female",4,48,"rent",2
20,"critical","furniture",4272,"> 7 yrs","female",4,24,"own",2
12,"critical","radio/tv",976,"> 7 yrs","single male",4,35,"own",2
12,"repaid","car (new)",7472,"unemployed","female",2,24,"rent",1
36,"repaid","car (new)",9271,"4 - 7 yrs","single male",1,24,"own",1
6,"repaid","radio/tv",590,"0 - 1 yrs","married male",3,26,"own",1
12,"critical","radio/tv",930,"> 7 yrs","single male",4,65,"own",4
42,"fully repaid","car (used)",9283,"unemployed","single male",2,55,"for free",1
15,"fully repaid","car (new)",1778,"0 - 1 yrs","female",1,26,"rent",2
8,"repaid","business",907,"0 - 1 yrs","married male",2,26,"own",1
6,"repaid","radio/tv",484,"4 - 7 yrs","married male",3,28,"own",1
36,"critical","car (used)",9629,"4 - 7 yrs","single male",4,24,"own",2
48,"repaid","domestic appliances",3051,"1 - 4 yrs","single male",4,54,"own",1
48,"repaid","car (new)",3931,"4 - 7 yrs","single male",4,46,"for free",1
36,"delayed","car (new)",7432,"1 - 4 yrs","female",2,54,"rent",1
6,"repaid","domestic appliances",1338,"1 - 4 yrs","divorced male",4,62,"own",1
6,"critical","radio/tv",1554,"4 - 7 yrs","female",2,24,"rent",2
36,"repaid","others",15857,"unemployed","divorced male",3,43,"own",1
18,"repaid","radio/tv",1345,"1 - 4 yrs","married male",3,26,"own",1
12,"repaid","car (new)",1101,"1 - 4 yrs","married male",2,27,"own",2
12,"repaid","radio/tv",3016,"1 - 4 yrs","married male",1,24,"own",1
36,"repaid","furniture",2712,"> 7 yrs","single male",2,41,"own",1
8,"critical","car (new)",731,"> 7 yrs","single male",4,47,"own",2
18,"critical","furniture",3780,"0 - 1 yrs","divorced male",2,35,"own",2
21,"critical","car (new)",1602,"> 7 yrs","married male",3,30,"own",2
18,"critical","car (new)",3966,"> 7 yrs","female",4,33,"rent",3
18,"fully repaid","business",4165,"1 - 4 yrs","single male",2,36,"own",2
36,"repaid","car (used)",8335,"> 7 yrs","single male",4,47,"for free",1
48,"delayed","business",6681,"1 - 4 yrs","single male",4,38,"for free",1
24,"delayed","business",2375,"1 - 4 yrs","single male",2,44,"own",2
18,"repaid","car (new)",1216,"0 - 1 yrs","female",3,23,"rent",1
45,"fully repaid","business",11816,"> 7 yrs","single male",4,29,"rent",2
24,"repaid","radio/tv",5084,"> 7 yrs","female",4,42,"own",1
15,"repaid","radio/tv",2327,"0 - 1 yrs","female",3,25,"own",1
12,"fully repaid","car (new)",1082,"1 - 4 yrs","single male",4,48,"own",2
12,"repaid","radio/tv",886,"1 - 4 yrs","female",2,21,"own",1
4,"repaid","furniture",601,"0 - 1 yrs","female",3,23,"rent",1
24,"critical","car (used)",2957,"> 7 yrs","single male",4,63,"own",2
24,"critical","radio/tv",2611,"> 7 yrs","married male",3,46,"own",2
36,"repaid","furniture",5179,"4 - 7 yrs","single male",2,29,"own",1
21,"delayed","car (used)",2993,"1 - 4 yrs","single male",2,28,"own",2
18,"repaid","repairs",1943,"0 - 1 yrs","female",4,23,"own",1
24,"fully repaid","business",1559,"4 - 7 yrs","single male",4,50,"own",1
18,"repaid","furniture",3422,"> 7 yrs","single male",4,47,"own",3
21,"repaid","furniture",3976,"4 - 7 yrs","single male",3,35,"own",1
18,"repaid","car (new)",6761,"1 - 4 yrs","single male",4,68,"rent",2
24,"repaid","car (new)",1249,"0 - 1 yrs","married male",2,28,"own",1
9,"repaid","radio/tv",1364,"4 - 7 yrs","single male",4,59,"own",1
12,"repaid","radio/tv",709,"> 7 yrs","single male",4,57,"own",1
20,"critical","car (new)",2235,"1 - 4 yrs","married male",2,33,"rent",2
24,"critical","car (used)",4042,"4 - 7 yrs","single male",4,43,"own",2
15,"critical","radio/tv",1471,"1 - 4 yrs","single male",4,35,"for free",2
18,"fully repaid","car (new)",1442,"4 - 7 yrs","single male",4,32,"for free",2
36,"delayed","car (new)",10875,"> 7 yrs","single male",2,45,"own",2
24,"repaid","car (new)",1474,"0 - 1 yrs","married male",3,33,"own",1
10,"repaid","retraining",894,"4 - 7 yrs","female",3,40,"own",1
15,"critical","furniture",3343,"1 - 4 yrs","single male",2,28,"for free",1
15,"repaid","car (new)",3959,"1 - 4 yrs","female",2,29,"own",1
9,"repaid","car (new)",3577,"1 - 4 yrs","single male",2,26,"rent",1
24,"critical","car (used)",5804,"1 - 4 yrs","single male",2,27,"own",2
18,"delayed","business",2169,"1 - 4 yrs","married male",2,28,"own",1
24,"repaid","radio/tv",2439,"0 - 1 yrs","female",4,35,"own",1
27,"critical","furniture",4526,"0 - 1 yrs","single male",2,32,"own",2
10,"repaid","furniture",2210,"1 - 4 yrs","single male",2,25,"rent",1
15,"repaid","furniture",2221,"1 - 4 yrs","female",4,20,"rent",1
18,"repaid","radio/tv",2389,"0 - 1 yrs","female",1,27,"own",1
12,"critical","furniture",3331,"> 7 yrs","single male",4,42,"own",1
36,"repaid","business",7409,"> 7 yrs","single male",2,37,"own",2
12,"repaid","furniture",652,"> 7 yrs","female",4,24,"rent",1
36,"delayed","furniture",7678,"4 - 7 yrs","female",4,40,"own",2
6,"critical","car (new)",1343,"> 7 yrs","single male",4,46,"own",2
24,"critical","business",1382,"4 - 7 yrs","single male",1,26,"own",2
15,"repaid","domestic appliances",874,"0 - 1 yrs","female",1,24,"own",1
12,"repaid","furniture",3590,"1 - 4 yrs","single male",2,29,"own",1
11,"critical","car (new)",1322,"1 - 4 yrs","female",4,40,"own",2
18,"fully repaid","radio/tv",1940,"0 - 1 yrs","single male",4,36,"for free",1
36,"repaid","radio/tv",3595,"> 7 yrs","single male",2,28,"own",1
9,"repaid","car (new)",1422,"0 - 1 yrs","single male",2,27,"for free",1
30,"critical","radio/tv",6742,"4 - 7 yrs","single male",3,36,"own",2
24,"repaid","car (used)",7814,"4 - 7 yrs","single male",3,38,"own",1
24,"repaid","car (used)",9277,"1 - 4 yrs","divorced male",4,48,"for free",1
30,"critical","car (new)",2181,"> 7 yrs","single male",4,36,"own",2
18,"critical","radio/tv",1098,"unemployed","female",4,65,"own",2
24,"repaid","furniture",4057,"4 - 7 yrs","divorced male",3,43,"own",1
12,"repaid","education",795,"0 - 1 yrs","female",4,53,"own",1
24,"critical","business",2825,"4 - 7 yrs","single male",3,34,"own",2
48,"repaid","business",15672,"1 - 4 yrs","single male",2,23,"own",1
36,"critical","car (new)",6614,"> 7 yrs","single male",4,34,"own",2
28,"fully repaid","car (used)",7824,"0 - 1 yrs","single male",4,40,"rent",2
27,"critical","business",2442,"> 7 yrs","single male",4,43,"own",4
15,"critical","radio/tv",1829,"> 7 yrs","single male",4,46,"own",2
12,"critical","car (new)",2171,"1 - 4 yrs","single male",4,38,"own",2
36,"critical","car (used)",5800,"1 - 4 yrs","single male",4,34,"own",2
18,"critical","radio/tv",1169,"1 - 4 yrs","single male",3,29,"own",2
36,"delayed","car (used)",8947,"4 - 7 yrs","single male",2,31,"own",1
21,"repaid","radio/tv",2606,"0 - 1 yrs","female",4,28,"rent",1
12,"critical","furniture",1592,"4 - 7 yrs","female",2,35,"own",1
15,"repaid","furniture",2186,"4 - 7 yrs","female",4,33,"rent",1
18,"repaid","furniture",4153,"1 - 4 yrs","single male",3,42,"own",1
16,"critical","car (new)",2625,"> 7 yrs","single male",4,43,"rent",1
20,"critical","car (new)",3485,"0 - 1 yrs","divorced male",4,44,"own",2
36,"critical","car (used)",10477,"> 7 yrs","single male",4,42,"for free",2
15,"repaid","radio/tv",1386,"1 - 4 yrs","married male",2,40,"rent",1
24,"repaid","radio/tv",1278,"> 7 yrs","single male",1,36,"own",1
12,"repaid","radio/tv",1107,"1 - 4 yrs","single male",2,20,"rent",1
21,"repaid","car (new)",3763,"4 - 7 yrs","single male",2,24,"own",1
36,"repaid","education",3711,"1 - 4 yrs","married male",2,27,"own",1
15,"delayed","car (used)",3594,"0 - 1 yrs","female",2,46,"own",2
9,"repaid","car (new)",3195,"1 - 4 yrs","female",2,33,"own",1
36,"delayed","radio/tv",4454,"1 - 4 yrs","female",4,34,"own",2
24,"critical","furniture",4736,"0 - 1 yrs","female",4,25,"own",1
30,"repaid","radio/tv",2991,"> 7 yrs","female",4,25,"own",1
11,"repaid","business",2142,"> 7 yrs","divorced male",2,28,"own",1
24,"fully repaid","business",3161,"1 - 4 yrs","single male",2,31,"rent",1
48,"fully repaid","others",18424,"1 - 4 yrs","female",2,32,"own",1
10,"repaid","car (used)",2848,"1 - 4 yrs","single male",2,32,"own",1
6,"repaid","car (new)",14896,"> 7 yrs","single male",4,68,"own",1
24,"repaid","furniture",2359,"unemployed","divorced male",1,33,"own",1
24,"repaid","furniture",3345,"> 7 yrs","single male",2,39,"rent",1
18,"critical","furniture",1817,"1 - 4 yrs","female",2,28,"own",2
48,"delayed","radio/tv",12749,"4 - 7 yrs","single male",1,37,"own",1
9,"repaid","radio/tv",1366,"0 - 1 yrs","female",4,22,"rent",1
12,"repaid","car (new)",2002,"4 - 7 yrs","single male",4,30,"rent",1
24,"fully repaid","furniture",6872,"0 - 1 yrs","divorced male",1,55,"own",1
12,"fully repaid","car (new)",697,"0 - 1 yrs","single male",2,46,"own",2
18,"critical","furniture",1049,"0 - 1 yrs","female",4,21,"rent",1
48,"repaid","car (used)",10297,"4 - 7 yrs","single male",4,39,"for free",3
30,"repaid","radio/tv",1867,"> 7 yrs","single male",4,58,"own",1
12,"delayed","car (new)",1344,"1 - 4 yrs","single male",2,43,"own",2
24,"repaid","furniture",1747,"0 - 1 yrs","single male",1,24,"own",1
9,"repaid","radio/tv",1670,"0 - 1 yrs","female",2,22,"own",1
9,"critical","car (new)",1224,"1 - 4 yrs","single male",1,30,"own",2
12,"critical","radio/tv",522,"> 7 yrs","single male",4,42,"own",2
12,"repaid","radio/tv",1498,"1 - 4 yrs","female",1,23,"own",1
30,"delayed","radio/tv",1919,"0 - 1 yrs","single male",3,30,"own",2
9,"repaid","radio/tv",745,"1 - 4 yrs","female",2,28,"own",1
6,"repaid","radio/tv",2063,"0 - 1 yrs","married male",3,30,"rent",1
60,"repaid","education",6288,"1 - 4 yrs","single male",4,42,"for free",1
24,"critical","car (used)",6842,"1 - 4 yrs","single male",4,46,"own",2
12,"repaid","car (new)",3527,"0 - 1 yrs","single male",3,45,"own",1
10,"repaid","car (new)",1546,"1 - 4 yrs","single male",2,31,"own",1
24,"repaid","furniture",929,"4 - 7 yrs","single male",2,31,"own",1
4,"critical","car (new)",1455,"4 - 7 yrs","single male",1,42,"own",3
15,"repaid","furniture",1845,"0 - 1 yrs","female",1,46,"rent",1
48,"fully repaid","car (new)",8358,"0 - 1 yrs","female",1,30,"own",2
24,"fully repaid","furniture",3349,"0 - 1 yrs","single male",4,30,"for free",1
12,"repaid","car (new)",2859,"unemployed","single male",4,38,"own",1
18,"repaid","furniture",1533,"0 - 1 yrs","married male",1,43,"own",1
24,"repaid","radio/tv",3621,"> 7 yrs","single male",4,31,"own",2
18,"critical","business",3590,"unemployed","married male",3,40,"own",3
36,"delayed","business",2145,"4 - 7 yrs","single male",1,24,"own",2
24,"repaid","car (used)",4113,"0 - 1 yrs","female",4,28,"rent",1
36,"repaid","furniture",10974,"unemployed","female",2,26,"own",2
12,"repaid","car (new)",1893,"1 - 4 yrs","female",4,29,"own",1
24,"critical","radio/tv",1231,"> 7 yrs","female",4,57,"rent",2
30,"critical","radio/tv",3656,"> 7 yrs","single male",4,49,"own",2
9,"critical","radio/tv",1154,"> 7 yrs","single male",4,37,"own",3
28,"repaid","car (new)",4006,"1 - 4 yrs","single male",2,45,"own",1
24,"repaid","furniture",3069,"> 7 yrs","single male",4,30,"for free",1
6,"critical","radio/tv",1740,"> 7 yrs","married male",2,30,"rent",2
21,"delayed","car (new)",2353,"1 - 4 yrs","divorced male",4,47,"own",2
15,"repaid","car (new)",3556,"1 - 4 yrs","single male",2,29,"own",1
24,"repaid","radio/tv",2397,"> 7 yrs","single male",2,35,"own",2
6,"repaid","repairs",454,"0 - 1 yrs","married male",1,22,"own",1
30,"repaid","radio/tv",1715,"1 - 4 yrs","female",1,26,"own",1
27,"critical","radio/tv",2520,"1 - 4 yrs","single male",2,23,"own",2
15,"repaid","radio/tv",3568,"> 7 yrs","female",2,54,"rent",1
42,"repaid","radio/tv",7166,"4 - 7 yrs","married male",4,29,"rent",1
11,"critical","car (new)",3939,"1 - 4 yrs","single male",2,40,"own",2
15,"repaid","repairs",1514,"1 - 4 yrs","single male",2,22,"own",1
24,"repaid","car (new)",7393,"1 - 4 yrs","single male",4,43,"own",1
24,"fully repaid","car (new)",1193,"unemployed","female",4,29,"rent",2
60,"repaid","business",7297,"> 7 yrs","single male",4,36,"rent",1
30,"critical","radio/tv",2831,"1 - 4 yrs","female",2,33,"own",1
24,"repaid","radio/tv",1258,"1 - 4 yrs","female",3,57,"own",1
6,"repaid","radio/tv",753,"1 - 4 yrs","female",3,64,"own",1
18,"delayed","business",2427,"> 7 yrs","single male",2,42,"own",2
24,"delayed","car (new)",2538,"> 7 yrs","single male",4,47,"own",2
15,"fully repaid","car (new)",1264,"1 - 4 yrs","married male",2,25,"rent",1
30,"critical","furniture",8386,"4 - 7 yrs","single male",2,49,"own",1
48,"repaid","business",4844,"unemployed","single male",2,33,"rent",1
21,"repaid","car (new)",2923,"1 - 4 yrs","female",1,28,"own",1
36,"repaid","car (used)",8229,"1 - 4 yrs","single male",2,26,"own",1
24,"critical","furniture",2028,"4 - 7 yrs","single male",2,30,"own",2
15,"critical","furniture",1433,"1 - 4 yrs","female",3,25,"rent",2
42,"fully repaid","business",6289,"0 - 1 yrs","divorced male",1,33,"own",2
13,"repaid","radio/tv",1409,"unemployed","female",4,64,"own",1
24,"repaid","car (used)",6579,"unemployed","single male",2,29,"for free",1
24,"critical","radio/tv",1743,"> 7 yrs","single male",2,48,"own",2
12,"critical","education",3565,"0 - 1 yrs","single male",1,37,"own",2
15,"fully repaid","radio/tv",1569,"> 7 yrs","single male",4,34,"own",1
18,"repaid","radio/tv",1936,"4 - 7 yrs","married male",4,23,"rent",2
36,"repaid","furniture",3959,"unemployed","single male",3,30,"own",1
12,"repaid","car (new)",2390,"> 7 yrs","single male",3,50,"own",1
12,"repaid","furniture",1736,"4 - 7 yrs","female",4,31,"own",1
30,"repaid","car (used)",3857,"1 - 4 yrs","divorced male",4,40,"own",1
12,"repaid","radio/tv",804,"> 7 yrs","single male",4,38,"own",1
45,"repaid","radio/tv",1845,"1 - 4 yrs","single male",4,23,"for free",1
45,"critical","car (used)",4576,"unemployed","single male",4,27,"own",1
